{
  "id": "41070917-9f8b-430a-bf3f-fa17c503856d",
  "generation": 12,
  "iteration": 273,
  "current_iteration": 330,
  "metrics": {
    "balancedness_score": 0.3527582622846887,
    "speed_score": 0.1142909075597804,
    "combined_score": 0.23352458492223455
  },
  "language": "python",
  "timestamp": 1751067296.079956,
  "saved_at": 1751070107.091182
}