{
  "id": "41070917-9f8b-430a-bf3f-fa17c503856d",
  "generation": 12,
  "iteration": 273,
  "timestamp": 1751067296.079956,
  "parent_id": "da4f6b4a-ef8c-424b-8fbb-307c260b6d1d",
  "metrics": {
    "balancedness_score": 0.3527582622846887,
    "speed_score": 0.1142909075597804,
    "combined_score": 0.23352458492223455
  },
  "language": "python",
  "saved_at": 1751086578.5295527
}